sku,site_id,week,forecast_qty,confidence_pct
SCARF-AZUR,WH-PAR,2026-W40,665,82
BOX-PREMIUM,WH-PAR,2026-W40,1120,74
BAG-ORION,WH-LIL,2026-W40,252,88
CLASP-AURORA,WH-PAR,2026-W40,4100,68
PCH-NOVA,WH-LIL,2026-W40,1260,88
BAG-LUNA,WH-MIL,2026-W40,520,61
BUCKLE-ATLAS,WH-PAR,2026-W40,6900,66
LINING-RIVE,WH-LYO,2026-W40,2380,93
SCARF-SOIE-MIRA,WH-MIL,2026-W40,339,66
BELT-VEGA,WH-LYO,2026-W40,470,73
WALLET-CELESTE,WH-PAR,2026-W40,573,71
BAG-SIRIUS,WH-PAR,2026-W40,147,87
TOTE-ETOILE,WH-LIL,2026-W40,276,68
GLOVE-NUIT,WH-MIL,2026-W40,123,84
STRAP-COMETE,WH-MRS,2026-W40,4209,70
ZIP-ARGENT,WH-MRS,2026-W40,7611,74
THREAD-OR,WH-LYO,2026-W40,1072,95
LEATHER-VEAU-NOIR,FAC-VEN,2026-W40,1635,89
SHAWL-CACHEMIRE,WH-PAR,2026-W40,60,83
CARD-HOLDER-ALBA,WH-LIL,2026-W40,413,82
BOX-PREMIUM,WH-PAR,2026-W41,1265,62
BAG-ORION,WH-LIL,2026-W41,217,62
CLASP-AURORA,WH-PAR,2026-W41,3291,67
PCH-NOVA,WH-LIL,2026-W41,1111,76
BAG-LUNA,WH-MIL,2026-W41,443,88
BUCKLE-ATLAS,WH-PAR,2026-W41,5321,66
LINING-RIVE,WH-LYO,2026-W41,2581,88
SCARF-AZUR,WH-PAR,2026-W41,800,82
SCARF-SOIE-MIRA,WH-MIL,2026-W41,447,83
BELT-VEGA,WH-LYO,2026-W41,508,67
WALLET-CELESTE,WH-PAR,2026-W41,809,70
BAG-SIRIUS,WH-PAR,2026-W41,173,89
TOTE-ETOILE,WH-LIL,2026-W41,266,62
GLOVE-NUIT,WH-MIL,2026-W41,125,70
STRAP-COMETE,WH-MRS,2026-W41,4425,79
ZIP-ARGENT,WH-MRS,2026-W41,7497,81
THREAD-OR,WH-LYO,2026-W41,1106,78
LEATHER-VEAU-NOIR,FAC-VEN,2026-W41,1645,85
SHAWL-CACHEMIRE,WH-PAR,2026-W41,59,68
CARD-HOLDER-ALBA,WH-LIL,2026-W41,595,87
BOX-PREMIUM,WH-PAR,2026-W42,1224,83
BAG-ORION,WH-LIL,2026-W42,210,56
CLASP-AURORA,WH-PAR,2026-W42,3571,81
PCH-NOVA,WH-LIL,2026-W42,1277,82
BAG-LUNA,WH-MIL,2026-W42,451,60
BUCKLE-ATLAS,WH-PAR,2026-W42,5499,83
LINING-RIVE,WH-LYO,2026-W42,2461,65
SCARF-AZUR,WH-PAR,2026-W42,632,59
SCARF-SOIE-MIRA,WH-MIL,2026-W42,456,81
BELT-VEGA,WH-LYO,2026-W42,465,68
WALLET-CELESTE,WH-PAR,2026-W42,765,76
BAG-SIRIUS,WH-PAR,2026-W42,160,62
TOTE-ETOILE,WH-LIL,2026-W42,273,75
GLOVE-NUIT,WH-MIL,2026-W42,119,71
STRAP-COMETE,WH-MRS,2026-W42,4212,80
ZIP-ARGENT,WH-MRS,2026-W42,7574,81
THREAD-OR,WH-LYO,2026-W42,1062,72
LEATHER-VEAU-NOIR,FAC-VEN,2026-W42,1621,67
SHAWL-CACHEMIRE,WH-PAR,2026-W42,56,70
CARD-HOLDER-ALBA,WH-LIL,2026-W42,581,70
