supplier_id,period,otif_pct,defect_rate_pct,lead_time_days,confirmed_capacity_pct
SUP-001,2026-09,91.2,1.4,18,84
SUP-002,2026-09,97.8,0.6,9,96
SUP-003,2026-09,72.4,4.8,43,61
SUP-004,2026-09,98.1,0.4,7,92
SUP-005,2026-09,93.5,1.1,12,78
SUP-006,2026-09,81.7,2.9,21,58
SUP-007,2026-09,99,0.3,5,97
SUP-008,2026-09,88.4,1.9,16,71
SUP-009,2026-09,96.2,0.7,10,90
SUP-010,2026-09,69.8,3.6,38,52
SUP-011,2026-09,84.3,2.4,34,64
SUP-012,2026-09,97.1,0.5,8,88
SUP-013,2026-09,86,5.7,14,79
SUP-014,2026-09,98.6,0.4,11,95
SUP-015,2026-09,94.4,0.9,29,83
